<?xml version="1.0"?>
<opencv_storage>
<cascade>
  <stageType>BOOST</stageType>
  <featureType>HAAR</featureType>
  <height>28</height>
  <width>28</width>
  <stageParams>
    <boostType>GAB</boostType>
    <minHitRate>9.9500000476837158e-01</minHitRate>
    <maxFalseAlarm>5.0000000000000000e-01</maxFalseAlarm>
    <weightTrimRate>9.4999998807907104e-01</weightTrimRate>
    <maxDepth>1</maxDepth>
    <maxWeakCount>100</maxWeakCount></stageParams>
  <featureParams>
    <maxCatCount>0</maxCatCount>
    <featSize>1</featSize>
    <mode>BASIC</mode></featureParams>
  <stageNum>8</stageNum>
  <stages>
    <!-- stage 0 -->
    <_>
      <maxWeakCount>9</maxWeakCount>
      <stageThreshold>-1.3995741605758667e+00</stageThreshold>
      <weakClassifiers>
        <_>
          <internalNodes>
            0 -1 46 2.3428380489349365e-02</internalNodes>
          <leafValues>
            5.7924628257751465e-01 -6.0931098461151123e-01</leafValues></_>
        <_>
          <internalNodes>
            0 -1 98 1.8933173851110041e-04</internalNodes>
          <leafValues>
            4.1461104154586792e-01 -5.7210373878479004e-01</leafValues></_>
        <_>
          <internalNodes>
            0 -1 111 3.0465826392173767e-02</internalNodes>
          <leafValues>
            2.8080418705940247e-01 -5.5659574270248413e-01</leafValues></_>
        <_>
          <internalNodes>
            0 -1 64 -2.1270107477903366e-02</internalNodes>
          <leafValues>
            -3.0517590045928955e-01 5.1337075233459473e-01</leafValues></_>
        <_>
          <internalNodes>
            0 -1 88 8.8476762175559998e-02</internalNodes>
          <leafValues>
            -1.7141576111316681e-01 6.7026263475418091e-01</leafValues></_>
        <_>
          <internalNodes>
            0 -1 22 -4.8526450991630554e-03</internalNodes>
          <leafValues>
            6.9910514354705811e-01 -9.1926716268062592e-02</leafValues></_>
        <_>
          <internalNodes>
            0 -1 137 1.3884482905268669e-04</internalNodes>
          <leafValues>
            2.8581735491752625e-01 -3.1177031993865967e-01</leafValues></_>
        <_>
          <internalNodes>
            0 -1 49 -1.0953255696222186e-03</internalNodes>
          <leafValues>
            6.4480400085449219e-01 -8.0000676214694977e-02</leafValues></_>
        <_>
          <internalNodes>
            0 -1 170 8.0171879380941391e-04</internalNodes>
          <leafValues>
            -8.9893795549869537e-02 7.5254923105239868e-01</leafValues></_></weakClassifiers></_>
    <!-- stage 1 -->
    <_>
      <maxWeakCount>22</maxWeakCount>
      <stageThreshold>-1.5939668416976929e+00</stageThreshold>
      <weakClassifiers>
        <_>
          <internalNodes>
            0 -1 56 -4.3886706233024597e-02</internalNodes>
          <leafValues>
            -4.1328474879264832e-01 4.5743685960769653e-01</leafValues></_>
        <_>
          <internalNodes>
            0 -1 103 1.1097349924966693e-03</internalNodes>
          <leafValues>
            2.7800279855728149e-01 -4.9577808380126953e-01</leafValues></_>
        <_>
          <internalNodes>
            0 -1 60 6.9729122333228588e-04</internalNodes>
          <leafValues>
            -1.4011999964714050e-01 6.0647273063659668e-01</leafValues></_>
        <_>
          <internalNodes>
            0 -1 87 9.7867265343666077e-02</internalNodes>
          <leafValues>
            -1.1545244604349136e-01 7.4727141857147217e-01</leafValues></_>
        <_>
          <internalNodes>
            0 -1 7 -1.0042957961559296e-02</internalNodes>
          <leafValues>
            6.3200044631958008e-01 -1.4224980771541595e-01</leafValues></_>
        <_>
          <internalNodes>
            0 -1 71 5.9187354054301977e-04</internalNodes>
          <leafValues>
            -9.0829931199550629e-02 5.8994317054748535e-01</leafValues></_>
        <_>
          <internalNodes>
            0 -1 84 5.9641068801283836e-03</internalNodes>
          <leafValues>
            1.4190080761909485e-01 -4.9842008948326111e-01</leafValues></_>
        <_>
          <internalNodes>
            0 -1 164 5.0469668349251151e-04</internalNodes>
          <leafValues>
            -1.1546535044908524e-01 5.6729704141616821e-01</leafValues></_>
        <_>
          <internalNodes>
            0 -1 163 7.1966880932450294e-04</internalNodes>
          <leafValues>
            -1.0434414446353912e-01 6.4585739374160767e-01</leafValues></_>
        <_>
          <internalNodes>
            0 -1 99 -6.8825315684080124e-03</internalNodes>
          <leafValues>
            -5.7168173789978027e-01 1.0873883217573166e-01</leafValues></_>
        <_>
          <internalNodes>
            0 -1 136 7.4023520573973656e-04</internalNodes>
          <leafValues>
            2.1982535719871521e-01 -2.8223428130149841e-01</leafValues></_>
        <_>
          <internalNodes>
            0 -1 160 2.5687081739306450e-02</internalNodes>
          <leafValues>
            1.2814494967460632e-01 -4.9146246910095215e-01</leafValues></_>
        <_>
          <internalNodes>
            0 -1 77 -5.1943224389106035e-04</internalNodes>
          <leafValues>
            5.8346205949783325e-01 -1.0195331275463104e-01</leafValues></_>
        <_>
          <internalNodes>
            0 -1 123 -2.7680684070219286e-05</internalNodes>
          <leafValues>
            -1.8157340586185455e-01 3.1055399775505066e-01</leafValues></_>
        <_>
          <internalNodes>
            0 -1 5 1.2689990922808647e-02</internalNodes>
          <leafValues>
            -9.6623763442039490e-02 5.1949059963226318e-01</leafValues></_>
        <_>
          <internalNodes>
            0 -1 66 2.2238958626985550e-02</internalNodes>
          <leafValues>
            2.4388435482978821e-01 -2.4962259829044342e-01</leafValues></_>
        <_>
          <internalNodes>
            0 -1 63 3.0317001044750214e-02</internalNodes>
          <leafValues>
            -1.9386896491050720e-01 3.4126374125480652e-01</leafValues></_>
        <_>
          <internalNodes>
            0 -1 122 -5.3513318300247192e-02</internalNodes>
          <leafValues>
            7.1002191305160522e-01 -1.0905534774065018e-01</leafValues></_>
        <_>
          <internalNodes>
            0 -1 57 4.1821658611297607e-02</internalNodes>
          <leafValues>
            -7.4435211718082428e-02 7.7892512083053589e-01</leafValues></_>
        <_>
          <internalNodes>
            0 -1 71 -2.5613722391426563e-04</internalNodes>
          <leafValues>
            4.4210067391395569e-01 -1.2072957307100296e-01</leafValues></_>
        <_>
          <internalNodes>
            0 -1 109 3.0159598099999130e-04</internalNodes>
          <leafValues>
            2.3954470455646515e-01 -2.3143789172172546e-01</leafValues></_>
        <_>
          <internalNodes>
            0 -1 38 -1.0685925371944904e-03</internalNodes>
          <leafValues>
            4.4933426380157471e-01 -1.1353021115064621e-01</leafValues></_></weakClassifiers></_>
    <!-- stage 2 -->
    <_>
      <maxWeakCount>31</maxWeakCount>
      <stageThreshold>-1.5313539505004883e+00</stageThreshold>
      <weakClassifiers>
        <_>
          <internalNodes>
            0 -1 67 1.4464914798736572e-02</internalNodes>
          <leafValues>
            3.0127087235450745e-01 -4.2764291167259216e-01</leafValues></_>
        <_>
          <internalNodes>
            0 -1 106 9.8862813320010900e-04</internalNodes>
          <leafValues>
            2.1274414658546448e-01 -4.4206812977790833e-01</leafValues></_>
        <_>
          <internalNodes>
            0 -1 102 2.4649745319038630e-03</internalNodes>
          <leafValues>
            1.6339753568172455e-01 -4.2945703864097595e-01</leafValues></_>
        <_>
          <internalNodes>
            0 -1 81 6.2317354604601860e-03</internalNodes>
          <leafValues>
            -2.1698200702667236e-01 3.5657015442848206e-01</leafValues></_>
        <_>
          <internalNodes>
            0 -1 45 -7.7707074582576752e-02</internalNodes>
          <leafValues>
            7.2397541999816895e-01 -1.7969749867916107e-01</leafValues></_>
        <_>
          <internalNodes>
            0 -1 95 1.3617819547653198e-01</internalNodes>
          <leafValues>
            -5.7912766933441162e-02 6.7475241422653198e-01</leafValues></_>
        <_>
          <internalNodes>
            0 -1 170 5.3366879001259804e-04</internalNodes>
          <leafValues>
            -6.2137428671121597e-02 6.0751688480377197e-01</leafValues></_>
        <_>
          <internalNodes>
            0 -1 112 6.4743513939902186e-04</internalNodes>
          <leafValues>
            3.8971218466758728e-01 -1.9721315801143646e-01</leafValues></_>
        <_>
          <internalNodes>
            0 -1 115 -8.7791327387094498e-03</internalNodes>
          <leafValues>
            3.3940073847770691e-01 -1.8621605634689331e-01</leafValues></_>
        <_>
          <internalNodes>
            0 -1 77 -3.6331103183329105e-04</internalNodes>
          <leafValues>
            5.0236570835113525e-01 -1.1888264119625092e-01</leafValues></_>
        <_>
          <internalNodes>
            0 -1 59 -2.0467054098844528e-02</internalNodes>
          <leafValues>
            5.4419916868209839e-01 -1.1364895105361938e-01</leafValues></_>
        <_>
          <internalNodes>
            0 -1 72 -6.5836473368108273e-04</internalNodes>
          <leafValues>
            4.5890241861343384e-01 -1.1529759317636490e-01</leafValues></_>
        <_>
          <internalNodes>
            0 -1 40 -2.7078934013843536e-02</internalNodes>
          <leafValues>
            -6.1651086807250977e-01 1.2029162794351578e-01</leafValues></_>
        <_>
          <internalNodes>
            0 -1 52 1.0877813911065459e-03</internalNodes>
          <leafValues>
            -1.2076745927333832e-01 4.9522981047630310e-01</leafValues></_>
        <_>
          <internalNodes>
            0 -1 92 -1.1776247061789036e-02</internalNodes>
          <leafValues>
            -7.4122250080108643e-01 7.2152778506278992e-02</leafValues></_>
        <_>
          <internalNodes>
            0 -1 135 1.9087587133981287e-04</internalNodes>
          <leafValues>
            2.0104572176933289e-01 -2.5551098585128784e-01</leafValues></_>
        <_>
          <internalNodes>
            0 -1 99 6.7569892853498459e-03</internalNodes>
          <leafValues>
            9.7812667489051819e-02 -5.5442321300506592e-01</leafValues></_>
        <_>
          <internalNodes>
            0 -1 155 1.4646971831098199e-03</internalNodes>
          <leafValues>
            -1.1504012346267700e-01 4.9856820702552795e-01</leafValues></_>
        <_>
          <internalNodes>
            0 -1 86 9.2751979827880859e-03</internalNodes>
          <leafValues>
            -1.0418047755956650e-01 4.6215176582336426e-01</leafValues></_>
        <_>
          <internalNodes>
            0 -1 9 -6.7283990792930126e-03</internalNodes>
          <leafValues>
            4.6843776106834412e-01 -1.0327311605215073e-01</leafValues></_>
        <_>
          <internalNodes>
            0 -1 34 -5.2775673568248749e-02</internalNodes>
          <leafValues>
            -8.3758443593978882e-01 6.5307810902595520e-02</leafValues></_>
        <_>
          <internalNodes>
            0 -1 50 -1.2407775502651930e-03</internalNodes>
          <leafValues>
            4.9531027674674988e-01 -1.4193296432495117e-01</leafValues></_>
        <_>
          <internalNodes>
            0 -1 68 -3.7723584682680666e-05</internalNodes>
          <leafValues>
            -2.2415570914745331e-01 2.3033362627029419e-01</leafValues></_>
        <_>
          <internalNodes>
            0 -1 167 -7.0298777427524328e-04</internalNodes>
          <leafValues>
            6.0100466012954712e-01 -9.9987983703613281e-02</leafValues></_>
        <_>
          <internalNodes>
            0 -1 3 -2.8563182801008224e-02</internalNodes>
          <leafValues>
            -2.1260182559490204e-01 2.5783839821815491e-01</leafValues></_>
        <_>
          <internalNodes>
            0 -1 65 -6.7085109651088715e-02</internalNodes>
          <leafValues>
            7.9427635669708252e-01 -6.9304868578910828e-02</leafValues></_>
        <_>
          <internalNodes>
            0 -1 35 -9.2346072196960449e-03</internalNodes>
          <leafValues>
            5.0516051054000854e-01 -8.0790020525455475e-02</leafValues></_>
        <_>
          <internalNodes>
            0 -1 154 9.0479181380942464e-04</internalNodes>
          <leafValues>
            -1.0985875129699707e-01 4.1273739933967590e-01</leafValues></_>
        <_>
          <internalNodes>
            0 -1 6 2.5198673829436302e-02</internalNodes>
          <leafValues>
            -6.7080669105052948e-02 6.2859278917312622e-01</leafValues></_>
        <_>
          <internalNodes>
            0 -1 108 3.9582215249538422e-03</internalNodes>
          <leafValues>
            1.0790778696537018e-01 -4.7482138872146606e-01</leafValues></_>
        <_>
          <internalNodes>
            0 -1 166 -5.4936850210651755e-04</internalNodes>
          <leafValues>
            4.7388747334480286e-01 -1.1076897382736206e-01</leafValues></_></weakClassifiers></_>
    <!-- stage 3 -->
    <_>
      <maxWeakCount>37</maxWeakCount>
      <stageThreshold>-1.3742712736129761e+00</stageThreshold>
      <weakClassifiers>
        <_>
          <internalNodes>
            0 -1 104 9.0894004097208381e-04</internalNodes>
          <leafValues>
            1.2261201441287994e-01 -4.9741825461387634e-01</leafValues></_>
        <_>
          <internalNodes>
            0 -1 10 1.0245278477668762e-02</internalNodes>
          <leafValues>
            4.6575787663459778e-01 -2.0503355562686920e-01</leafValues></_>
        <_>
          <internalNodes>
            0 -1 157 6.1077959835529327e-03</internalNodes>
          <leafValues>
            1.9435559213161469e-01 -3.4897372126579285e-01</leafValues></_>
        <_>
          <internalNodes>
            0 -1 119 3.3823247067630291e-03</internalNodes>
          <leafValues>
            1.6624374687671661e-01 -4.7434747219085693e-01</leafValues></_>
        <_>
          <internalNodes>
            0 -1 41 1.1922759003937244e-03</internalNodes>
          <leafValues>
            -1.3521860539913177e-01 4.9960485100746155e-01</leafValues></_>
        <_>
          <internalNodes>
            0 -1 32 1.3756407797336578e-01</internalNodes>
          <leafValues>
            -7.8710615634918213e-02 7.3931866884231567e-01</leafValues></_>
        <_>
          <internalNodes>
            0 -1 153 -2.2021378390491009e-03</internalNodes>
          <leafValues>
            5.7741254568099976e-01 -1.0837166011333466e-01</leafValues></_>
        <_>
          <internalNodes>
            0 -1 130 4.2051629861816764e-04</internalNodes>
          <leafValues>
            1.5104345977306366e-01 -3.9165532588958740e-01</leafValues></_>
        <_>
          <internalNodes>
            0 -1 73 9.9475448951125145e-04</internalNodes>
          <leafValues>
            -1.2902967631816864e-01 4.6958699822425842e-01</leafValues></_>
        <_>
          <internalNodes>
            0 -1 141 -2.3706689476966858e-02</internalNodes>
          <leafValues>
            6.5545397996902466e-01 -1.0241444408893585e-01</leafValues></_>
        <_>
          <internalNodes>
            0 -1 85 2.1088670939207077e-02</internalNodes>
          <leafValues>
            3.4093672037124634e-01 -1.6640777885913849e-01</leafValues></_>
        <_>
          <internalNodes>
            0 -1 133 1.5847662463784218e-02</internalNodes>
          <leafValues>
            -1.2837852537631989e-01 4.6551439166069031e-01</leafValues></_>
        <_>
          <internalNodes>
            0 -1 30 -1.4113709330558777e-02</internalNodes>
          <leafValues>
            -7.0810532569885254e-01 9.0143702924251556e-02</leafValues></_>
        <_>
          <internalNodes>
            0 -1 42 9.9135786294937134e-03</internalNodes>
          <leafValues>
            1.7098741233348846e-01 -3.6436611413955688e-01</leafValues></_>
        <_>
          <internalNodes>
            0 -1 143 -7.1301101706922054e-04</internalNodes>
          <leafValues>
            4.7055330872535706e-01 -1.4781777560710907e-01</leafValues></_>
        <_>
          <internalNodes>
            0 -1 165 -7.2434893809258938e-04</internalNodes>
          <leafValues>
            6.1066323518753052e-01 -9.0897403657436371e-02</leafValues></_>
        <_>
          <internalNodes>
            0 -1 48 -2.3485258221626282e-02</internalNodes>
          <leafValues>
            5.8333069086074829e-01 -7.1791432797908783e-02</leafValues></_>
        <_>
          <internalNodes>
            0 -1 79 1.4714970253407955e-02</internalNodes>
          <leafValues>
            -1.0445506125688553e-01 4.9257788062095642e-01</leafValues></_>
        <_>
          <internalNodes>
            0 -1 144 2.5704275816679001e-02</internalNodes>
          <leafValues>
            8.9022278785705566e-02 -5.6433653831481934e-01</leafValues></_>
        <_>
          <internalNodes>
            0 -1 142 9.0187359601259232e-03</internalNodes>
          <leafValues>
            3.7304532527923584e-01 -1.9658431410789490e-01</leafValues></_>
        <_>
          <internalNodes>
            0 -1 25 1.4931848272681236e-02</internalNodes>
          <leafValues>
            -1.1098022758960724e-01 5.7844662666320801e-01</leafValues></_>
        <_>
          <internalNodes>
            0 -1 117 -1.9775111228227615e-02</internalNodes>
          <leafValues>
            -4.2012560367584229e-01 1.2844058871269226e-01</leafValues></_>
        <_>
          <internalNodes>
            0 -1 161 -9.0198934776708484e-04</internalNodes>
          <leafValues>
            5.1093775033950806e-01 -9.3800999224185944e-02</leafValues></_>
        <_>
          <internalNodes>
            0 -1 113 1.5300071798264980e-02</internalNodes>
          <leafValues>
            9.7065486013889313e-02 -5.8910346031188965e-01</leafValues></_>
        <_>
          <internalNodes>
            0 -1 124 1.0392037220299244e-03</internalNodes>
          <leafValues>
            -9.5215745270252228e-02 6.8782192468643188e-01</leafValues></_>
        <_>
          <internalNodes>
            0 -1 27 5.9801032766699791e-03</internalNodes>
          <leafValues>
            -5.8993820101022720e-02 6.1281430721282959e-01</leafValues></_>
        <_>
          <internalNodes>
            0 -1 152 2.4896683171391487e-03</internalNodes>
          <leafValues>
            1.6394977271556854e-01 -3.1776303052902222e-01</leafValues></_>
        <_>
          <internalNodes>
            0 -1 129 3.4007206559181213e-03</internalNodes>
          <leafValues>
            1.4973023533821106e-01 -3.3363270759582520e-01</leafValues></_>
        <_>
          <internalNodes>
            0 -1 93 3.6179766058921814e-02</internalNodes>
          <leafValues>
            1.9176357984542847e-01 -2.9848104715347290e-01</leafValues></_>
        <_>
          <internalNodes>
            0 -1 49 -9.8918320145457983e-04</internalNodes>
          <leafValues>
            4.9479982256889343e-01 -1.1549802124500275e-01</leafValues></_>
        <_>
          <internalNodes>
            0 -1 69 6.1003002338111401e-04</internalNodes>
          <leafValues>
            -1.0522719472646713e-01 4.8133680224418640e-01</leafValues></_>
        <_>
          <internalNodes>
            0 -1 16 1.6103816032409668e-01</internalNodes>
          <leafValues>
            6.9429136812686920e-02 -7.8131979703903198e-01</leafValues></_>
        <_>
          <internalNodes>
            0 -1 83 -5.8685312978923321e-04</internalNodes>
          <leafValues>
            4.5876333117485046e-01 -1.3902370631694794e-01</leafValues></_>
        <_>
          <internalNodes>
            0 -1 120 6.1456710682250559e-05</internalNodes>
          <leafValues>
            2.4930426478385925e-01 -1.8219764530658722e-01</leafValues></_>
        <_>
          <internalNodes>
            0 -1 37 -3.2901822123676538e-04</internalNodes>
          <leafValues>
            3.3477449417114258e-01 -1.4614664018154144e-01</leafValues></_>
        <_>
          <internalNodes>
            0 -1 162 -9.4289577100425959e-04</internalNodes>
          <leafValues>
            5.5113184452056885e-01 -7.6294735074043274e-02</leafValues></_>
        <_>
          <internalNodes>
            0 -1 2 -2.6645760517567396e-03</internalNodes>
          <leafValues>
            -2.9753458499908447e-01 1.5776120126247406e-01</leafValues></_></weakClassifiers></_>
    <!-- stage 4 -->
    <_>
      <maxWeakCount>29</maxWeakCount>
      <stageThreshold>-1.3634823560714722e+00</stageThreshold>
      <weakClassifiers>
        <_>
          <internalNodes>
            0 -1 19 -1.8783627077937126e-02</internalNodes>
          <leafValues>
            3.2209467887878418e-01 -2.9832714796066284e-01</leafValues></_>
        <_>
          <internalNodes>
            0 -1 97 4.5160306617617607e-03</internalNodes>
          <leafValues>
            1.7341271042823792e-01 -5.2646362781524658e-01</leafValues></_>
        <_>
          <internalNodes>
            0 -1 74 1.9874420017004013e-02</internalNodes>
          <leafValues>
            -2.0596118271350861e-01 3.4264731407165527e-01</leafValues></_>
        <_>
          <internalNodes>
            0 -1 58 3.4586388617753983e-02</internalNodes>
          <leafValues>
            2.4485906958580017e-01 -2.8823640942573547e-01</leafValues></_>
        <_>
          <internalNodes>
            0 -1 158 -1.1081730481237173e-03</internalNodes>
          <leafValues>
            6.6609609127044678e-01 -1.0360548645257950e-01</leafValues></_>
        <_>
          <internalNodes>
            0 -1 4 2.5991551578044891e-02</internalNodes>
          <leafValues>
            -1.4550152420997620e-01 6.3478642702102661e-01</leafValues></_>
        <_>
          <internalNodes>
            0 -1 24 3.8667782209813595e-03</internalNodes>
          <leafValues>
            2.4422575533390045e-01 -3.1423991918563843e-01</leafValues></_>
        <_>
          <internalNodes>
            0 -1 101 -3.1628059223294258e-03</internalNodes>
          <leafValues>
            3.8763773441314697e-01 -1.8285894393920898e-01</leafValues></_>
        <_>
          <internalNodes>
            0 -1 78 -4.5456353109329939e-04</internalNodes>
          <leafValues>
            6.1886817216873169e-01 -1.2283524870872498e-01</leafValues></_>
        <_>
          <internalNodes>
            0 -1 150 -2.3412643931806087e-03</internalNodes>
          <leafValues>
            8.0277138948440552e-01 -7.8392170369625092e-02</leafValues></_>
        <_>
          <internalNodes>
            0 -1 146 2.6972632622346282e-04</internalNodes>
          <leafValues>
            2.8137147426605225e-01 -2.3098215460777283e-01</leafValues></_>
        <_>
          <internalNodes>
            0 -1 43 1.3361636549234390e-02</internalNodes>
          <leafValues>
            -3.2910469174385071e-01 2.2450979053974152e-01</leafValues></_>
        <_>
          <internalNodes>
            0 -1 149 1.9614198245108128e-03</internalNodes>
          <leafValues>
            -1.4046829938888550e-01 4.9045369029045105e-01</leafValues></_>
        <_>
          <internalNodes>
            0 -1 62 -1.8945969641208649e-03</internalNodes>
          <leafValues>
            6.9647192955017090e-01 -8.9678436517715454e-02</leafValues></_>
        <_>
          <internalNodes>
            0 -1 44 5.2202060818672180e-02</internalNodes>
          <leafValues>
            2.8050029277801514e-01 -2.3318740725517273e-01</leafValues></_>
        <_>
          <internalNodes>
            0 -1 26 9.9929481744766235e-02</internalNodes>
          <leafValues>
            -1.0722617805004120e-01 6.6680639982223511e-01</leafValues></_>
        <_>
          <internalNodes>
            0 -1 96 -2.3055812926031649e-04</internalNodes>
          <leafValues>
            4.9892586469650269e-01 -1.5025021135807037e-01</leafValues></_>
        <_>
          <internalNodes>
            0 -1 29 -5.2142247557640076e-02</internalNodes>
          <leafValues>
            -7.2516512870788574e-01 9.0328104794025421e-02</leafValues></_>
        <_>
          <internalNodes>
            0 -1 61 9.2567205429077148e-03</internalNodes>
          <leafValues>
            2.2685371339321136e-01 -3.2229366898536682e-01</leafValues></_>
        <_>
          <internalNodes>
            0 -1 51 -1.1895028874278069e-03</internalNodes>
          <leafValues>
            7.1139055490493774e-01 -1.0357196629047394e-01</leafValues></_>
        <_>
          <internalNodes>
            0 -1 17 3.0375914648175240e-03</internalNodes>
          <leafValues>
            3.5982286930084229e-01 -1.8003685772418976e-01</leafValues></_>
        <_>
          <internalNodes>
            0 -1 110 1.1486926674842834e-01</internalNodes>
          <leafValues>
            -9.4746321439743042e-02 6.4425516128540039e-01</leafValues></_>
        <_>
          <internalNodes>
            0 -1 114 -6.4816828817129135e-03</internalNodes>
          <leafValues>
            -5.7495802640914917e-01 1.1716412007808685e-01</leafValues></_>
        <_>
          <internalNodes>
            0 -1 90 1.1169102508574724e-03</internalNodes>
          <leafValues>
            2.1624074876308441e-01 -3.2643875479698181e-01</leafValues></_>
        <_>
          <internalNodes>
            0 -1 70 -3.3834152854979038e-03</internalNodes>
          <leafValues>
            5.7158541679382324e-01 -1.1117529124021530e-01</leafValues></_>
        <_>
          <internalNodes>
            0 -1 100 4.5533063821494579e-03</internalNodes>
          <leafValues>
            1.0243652015924454e-01 -6.2212085723876953e-01</leafValues></_>
        <_>
          <internalNodes>
            0 -1 156 -5.5042118765413761e-04</internalNodes>
          <leafValues>
            4.1506421566009521e-01 -1.5372328460216522e-01</leafValues></_>
        <_>
          <internalNodes>
            0 -1 76 -8.0481907352805138e-03</internalNodes>
          <leafValues>
            4.0151315927505493e-01 -1.5846905112266541e-01</leafValues></_>
        <_>
          <internalNodes>
            0 -1 91 3.7039294838905334e-03</internalNodes>
          <leafValues>
            1.3785195350646973e-01 -5.0915950536727905e-01</leafValues></_></weakClassifiers></_>
    <!-- stage 5 -->
    <_>
      <maxWeakCount>24</maxWeakCount>
      <stageThreshold>-1.3364949226379395e+00</stageThreshold>
      <weakClassifiers>
        <_>
          <internalNodes>
            0 -1 170 5.6605145800858736e-04</internalNodes>
          <leafValues>
            -2.3810704052448273e-01 7.6279860734939575e-01</leafValues></_>
        <_>
          <internalNodes>
            0 -1 140 -2.3926917463541031e-02</internalNodes>
          <leafValues>
            7.1961754560470581e-01 -1.0881663113832474e-01</leafValues></_>
        <_>
          <internalNodes>
            0 -1 18 2.1672964096069336e-02</internalNodes>
          <leafValues>
            -9.8543271422386169e-02 8.6102741956710815e-01</leafValues></_>
        <_>
          <internalNodes>
            0 -1 148 2.4753162870183587e-04</internalNodes>
          <leafValues>
            -1.4826382696628571e-01 5.6597763299942017e-01</leafValues></_>
        <_>
          <internalNodes>
            0 -1 118 1.1893911287188530e-03</internalNodes>
          <leafValues>
            2.4053408205509186e-01 -3.6098271608352661e-01</leafValues></_>
        <_>
          <internalNodes>
            0 -1 105 1.2181045021861792e-03</internalNodes>
          <leafValues>
            2.1919755637645721e-01 -4.1896772384643555e-01</leafValues></_>
        <_>
          <internalNodes>
            0 -1 145 -1.4823279343545437e-03</internalNodes>
          <leafValues>
            8.4470820426940918e-01 -1.2201936542987823e-01</leafValues></_>
        <_>
          <internalNodes>
            0 -1 39 1.6304139280691743e-03</internalNodes>
          <leafValues>
            -9.6601665019989014e-02 8.1952714920043945e-01</leafValues></_>
        <_>
          <internalNodes>
            0 -1 147 1.6165837878361344e-03</internalNodes>
          <leafValues>
            -1.1318602412939072e-01 7.0503133535385132e-01</leafValues></_>
        <_>
          <internalNodes>
            0 -1 0 -3.4353015507804230e-05</internalNodes>
          <leafValues>
            -2.7939906716346741e-01 3.0157053470611572e-01</leafValues></_>
        <_>
          <internalNodes>
            0 -1 53 -7.3030509520322084e-04</internalNodes>
          <leafValues>
            8.4548097848892212e-01 -8.1686533987522125e-02</leafValues></_>
        <_>
          <internalNodes>
            0 -1 31 2.1145631372928619e-01</internalNodes>
          <leafValues>
            -1.2417185306549072e-01 5.6919640302658081e-01</leafValues></_>
        <_>
          <internalNodes>
            0 -1 21 3.1974930316209793e-03</internalNodes>
          <leafValues>
            5.1275235414505005e-01 -2.3262846469879150e-01</leafValues></_>
        <_>
          <internalNodes>
            0 -1 20 3.9204588392749429e-04</internalNodes>
          <leafValues>
            3.6098703742027283e-01 -3.1108310818672180e-01</leafValues></_>
        <_>
          <internalNodes>
            0 -1 47 -3.1755107920616865e-04</internalNodes>
          <leafValues>
            4.3480089306831360e-01 -2.1187843382358551e-01</leafValues></_>
        <_>
          <internalNodes>
            0 -1 94 1.5555598074570298e-03</internalNodes>
          <leafValues>
            -1.3994328677654266e-01 5.3250139951705933e-01</leafValues></_>
        <_>
          <internalNodes>
            0 -1 171 -5.9471535496413708e-04</internalNodes>
          <leafValues>
            5.8753502368927002e-01 -1.6400434076786041e-01</leafValues></_>
        <_>
          <internalNodes>
            0 -1 121 1.5718111535534263e-03</internalNodes>
          <leafValues>
            -1.3341462612152100e-01 6.2264943122863770e-01</leafValues></_>
        <_>
          <internalNodes>
            0 -1 33 3.9168582297861576e-03</internalNodes>
          <leafValues>
            -1.3643066585063934e-01 6.7826306819915771e-01</leafValues></_>
        <_>
          <internalNodes>
            0 -1 28 -4.6297805383801460e-03</internalNodes>
          <leafValues>
            -3.5925552248954773e-01 2.5540143251419067e-01</leafValues></_>
        <_>
          <internalNodes>
            0 -1 132 4.7144657000899315e-03</internalNodes>
          <leafValues>
            -1.2284124642610550e-01 6.5237414836883545e-01</leafValues></_>
        <_>
          <internalNodes>
            0 -1 126 -8.1939518451690674e-02</internalNodes>
          <leafValues>
            -6.3505417108535767e-01 1.5395739674568176e-01</leafValues></_>
        <_>
          <internalNodes>
            0 -1 11 7.2081841062754393e-04</internalNodes>
          <leafValues>
            -1.1648364365100861e-01 9.1665178537368774e-01</leafValues></_>
        <_>
          <internalNodes>
            0 -1 139 1.7647023778408766e-03</internalNodes>
          <leafValues>
            2.1766352653503418e-01 -3.7184789776802063e-01</leafValues></_></weakClassifiers></_>
    <!-- stage 6 -->
    <_>
      <maxWeakCount>16</maxWeakCount>
      <stageThreshold>-1.3233650922775269e+00</stageThreshold>
      <weakClassifiers>
        <_>
          <internalNodes>
            0 -1 128 -2.7736328542232513e-02</internalNodes>
          <leafValues>
            8.5992777347564697e-01 -2.8235143423080444e-01</leafValues></_>
        <_>
          <internalNodes>
            0 -1 54 -3.3760000951588154e-04</internalNodes>
          <leafValues>
            8.9226555824279785e-01 -1.3730067014694214e-01</leafValues></_>
        <_>
          <internalNodes>
            0 -1 127 2.5257741799578071e-04</internalNodes>
          <leafValues>
            -1.7817443609237671e-01 6.6695153713226318e-01</leafValues></_>
        <_>
          <internalNodes>
            0 -1 15 3.8865095120854676e-05</internalNodes>
          <leafValues>
            4.4351473450660706e-01 -2.9564467072486877e-01</leafValues></_>
        <_>
          <internalNodes>
            0 -1 134 3.3620662987232208e-02</internalNodes>
          <leafValues>
            -2.2065284848213196e-01 6.3917529582977295e-01</leafValues></_>
        <_>
          <internalNodes>
            0 -1 75 -9.0562952682375908e-03</internalNodes>
          <leafValues>
            6.8226265907287598e-01 -1.8637987971305847e-01</leafValues></_>
        <_>
          <internalNodes>
            0 -1 151 1.1074941139668226e-03</internalNodes>
          <leafValues>
            -1.7631593346595764e-01 7.2988224029541016e-01</leafValues></_>
        <_>
          <internalNodes>
            0 -1 12 1.4295232249423862e-03</internalNodes>
          <leafValues>
            4.8365721106529236e-01 -2.7284035086631775e-01</leafValues></_>
        <_>
          <internalNodes>
            0 -1 8 -1.3298999518156052e-02</internalNodes>
          <leafValues>
            8.0301159620285034e-01 -1.4193129539489746e-01</leafValues></_>
        <_>
          <internalNodes>
            0 -1 138 -1.5358686214312911e-03</internalNodes>
          <leafValues>
            8.5647809505462646e-01 -9.9106587469577789e-02</leafValues></_>
        <_>
          <internalNodes>
            0 -1 116 5.1260879263281822e-04</internalNodes>
          <leafValues>
            -1.1421039700508118e-01 1.</leafValues></_>
        <_>
          <internalNodes>
            0 -1 131 -8.9476013090461493e-04</internalNodes>
          <leafValues>
            5.8601629734039307e-01 -2.2824725508689880e-01</leafValues></_>
        <_>
          <internalNodes>
            0 -1 125 -2.7506449259817600e-03</internalNodes>
          <leafValues>
            -4.8775777220726013e-01 2.5133419036865234e-01</leafValues></_>
        <_>
          <internalNodes>
            0 -1 13 1.2848887126892805e-03</internalNodes>
          <leafValues>
            -1.9129677116870880e-01 6.5741652250289917e-01</leafValues></_>
        <_>
          <internalNodes>
            0 -1 1 -9.6332893008366227e-05</internalNodes>
          <leafValues>
            -2.7993205189704895e-01 4.9017700552940369e-01</leafValues></_>
        <_>
          <internalNodes>
            0 -1 89 -1.9246712327003479e-04</internalNodes>
          <leafValues>
            4.1146621108055115e-01 -3.4114325046539307e-01</leafValues></_></weakClassifiers></_>
    <!-- stage 7 -->
    <_>
      <maxWeakCount>10</maxWeakCount>
      <stageThreshold>-1.1835907697677612e+00</stageThreshold>
      <weakClassifiers>
        <_>
          <internalNodes>
            0 -1 55 1.3999454677104950e-02</internalNodes>
          <leafValues>
            -3.4750097990036011e-01 1.</leafValues></_>
        <_>
          <internalNodes>
            0 -1 168 1.8823021091520786e-03</internalNodes>
          <leafValues>
            -1.7063057422637939e-01 1.</leafValues></_>
        <_>
          <internalNodes>
            0 -1 82 1.0533737076912075e-04</internalNodes>
          <leafValues>
            -1.6278855502605438e-01 1.</leafValues></_>
        <_>
          <internalNodes>
            0 -1 169 -1.3736474793404341e-03</internalNodes>
          <leafValues>
            -6.4745509624481201e-01 3.6201021075248718e-01</leafValues></_>
        <_>
          <internalNodes>
            0 -1 80 4.2591504752635956e-03</internalNodes>
          <leafValues>
            -4.1814428567886353e-01 6.1238270998001099e-01</leafValues></_>
        <_>
          <internalNodes>
            0 -1 36 5.4595590336248279e-04</internalNodes>
          <leafValues>
            -2.6090782880783081e-01 8.6701881885528564e-01</leafValues></_>
        <_>
          <internalNodes>
            0 -1 14 3.4723078715614974e-04</internalNodes>
          <leafValues>
            6.1943632364273071e-01 -3.8549298048019409e-01</leafValues></_>
        <_>
          <internalNodes>
            0 -1 159 7.3714635800570250e-04</internalNodes>
          <leafValues>
            -2.0881941914558411e-01 1.</leafValues></_>
        <_>
          <internalNodes>
            0 -1 23 1.2532508699223399e-03</internalNodes>
          <leafValues>
            -1.9336022436618805e-01 8.6777013540267944e-01</leafValues></_>
        <_>
          <internalNodes>
            0 -1 107 4.8608583165332675e-04</internalNodes>
          <leafValues>
            6.0204392671585083e-01 -3.3924165368080139e-01</leafValues></_></weakClassifiers></_></stages>
  <features>
    <_>
      <rects>
        <_>
          0 0 2 1 -1.</_>
        <_>
          1 0 1 1 2.</_></rects>
      <tilted>0</tilted></_>
    <_>
      <rects>
        <_>
          0 0 1 6 -1.</_>
        <_>
          0 3 1 3 2.</_></rects>
      <tilted>0</tilted></_>
    <_>
      <rects>
        <_>
          0 0 2 8 -1.</_>
        <_>
          0 4 2 4 2.</_></rects>
      <tilted>0</tilted></_>
    <_>
      <rects>
        <_>
          0 4 25 8 -1.</_>
        <_>
          0 8 25 4 2.</_></rects>
      <tilted>0</tilted></_>
    <_>
      <rects>
        <_>
          0 6 20 8 -1.</_>
        <_>
          0 6 10 4 2.</_>
        <_>
          10 10 10 4 2.</_></rects>
      <tilted>0</tilted></_>
    <_>
      <rects>
        <_>
          0 7 18 6 -1.</_>
        <_>
          0 7 9 3 2.</_>
        <_>
          9 10 9 3 2.</_></rects>
      <tilted>0</tilted></_>
    <_>
      <rects>
        <_>
          0 7 20 6 -1.</_>
        <_>
          0 7 10 3 2.</_>
        <_>
          10 10 10 3 2.</_></rects>
      <tilted>0</tilted></_>
    <_>
      <rects>
        <_>
          0 7 28 14 -1.</_>
        <_>
          0 14 28 7 2.</_></rects>
      <tilted>0</tilted></_>
    <_>
      <rects>
        <_>
          0 8 20 8 -1.</_>
        <_>
          0 8 10 4 2.</_>
        <_>
          10 12 10 4 2.</_></rects>
      <tilted>0</tilted></_>
    <_>
      <rects>
        <_>
          0 8 17 12 -1.</_>
        <_>
          0 14 17 6 2.</_></rects>
      <tilted>0</tilted></_>
    <_>
      <rects>
        <_>
          0 8 22 12 -1.</_>
        <_>
          0 14 22 6 2.</_></rects>
      <tilted>0</tilted></_>
    <_>
      <rects>
        <_>
          0 10 1 3 -1.</_>
        <_>
          0 11 1 1 3.</_></rects>
      <tilted>0</tilted></_>
    <_>
      <rects>
        <_>
          0 10 8 6 -1.</_>
        <_>
          0 12 8 2 3.</_></rects>
      <tilted>0</tilted></_>
    <_>
      <rects>
        <_>
          0 16 8 4 -1.</_>
        <_>
          0 16 4 2 2.</_>
        <_>
          4 18 4 2 2.</_></rects>
      <tilted>0</tilted></_>
    <_>
      <rects>
        <_>
          0 17 2 8 -1.</_>
        <_>
          1 17 1 8 2.</_></rects>
      <tilted>0</tilted></_>
    <_>
      <rects>
        <_>
          0 18 2 6 -1.</_>
        <_>
          1 18 1 6 2.</_></rects>
      <tilted>0</tilted></_>
    <_>
      <rects>
        <_>
          1 2 26 15 -1.</_>
        <_>
          1 7 26 5 3.</_></rects>
      <tilted>0</tilted></_>
    <_>
      <rects>
        <_>
          1 4 7 18 -1.</_>
        <_>
          1 13 7 9 2.</_></rects>
      <tilted>0</tilted></_>
    <_>
      <rects>
        <_>
          1 6 14 8 -1.</_>
        <_>
          1 6 7 4 2.</_>
        <_>
          8 10 7 4 2.</_></rects>
      <tilted>0</tilted></_>
    <_>
      <rects>
        <_>
          1 6 27 18 -1.</_>
        <_>
          1 15 27 9 2.</_></rects>
      <tilted>0</tilted></_>
    <_>
      <rects>
        <_>
          1 7 2 6 -1.</_>
        <_>
          1 9 2 2 3.</_></rects>
      <tilted>0</tilted></_>
    <_>
      <rects>
        <_>
          1 7 17 16 -1.</_>
        <_>
          1 15 17 8 2.</_></rects>
      <tilted>0</tilted></_>
    <_>
      <rects>
        <_>
          1 7 18 14 -1.</_>
        <_>
          1 14 18 7 2.</_></rects>
      <tilted>0</tilted></_>
    <_>
      <rects>
        <_>
          1 15 24 2 -1.</_>
        <_>
          1 15 12 1 2.</_>
        <_>
          13 16 12 1 2.</_></rects>
      <tilted>0</tilted></_>
    <_>
      <rects>
        <_>
          1 20 23 3 -1.</_>
        <_>
          1 21 23 1 3.</_></rects>
      <tilted>0</tilted></_>
    <_>
      <rects>
        <_>
          2 6 10 8 -1.</_>
        <_>
          2 6 5 4 2.</_>
        <_>
          7 10 5 4 2.</_></rects>
      <tilted>0</tilted></_>
    <_>
      <rects>
        <_>
          2 8 17 16 -1.</_>
        <_>
          2 16 17 8 2.</_></rects>
      <tilted>0</tilted></_>
    <_>
      <rects>
        <_>
          2 12 22 2 -1.</_>
        <_>
          2 12 11 1 2.</_>
        <_>
          13 13 11 1 2.</_></rects>
      <tilted>0</tilted></_>
    <_>
      <rects>
        <_>
          2 15 8 4 -1.</_>
        <_>
          2 17 8 2 2.</_></rects>
      <tilted>0</tilted></_>
    <_>
      <rects>
        <_>
          2 18 15 5 -1.</_>
        <_>
          7 18 5 5 3.</_></rects>
      <tilted>0</tilted></_>
    <_>
      <rects>
        <_>
          2 25 26 3 -1.</_>
        <_>
          2 26 26 1 3.</_></rects>
      <tilted>0</tilted></_>
    <_>
      <rects>
        <_>
          3 1 22 22 -1.</_>
        <_>
          3 12 22 11 2.</_></rects>
      <tilted>0</tilted></_>
    <_>
      <rects>
        <_>
          3 4 13 22 -1.</_>
        <_>
          3 15 13 11 2.</_></rects>
      <tilted>0</tilted></_>
    <_>
      <rects>
        <_>
          3 6 6 4 -1.</_>
        <_>
          5 6 2 4 3.</_></rects>
      <tilted>0</tilted></_>
    <_>
      <rects>
        <_>
          3 11 23 9 -1.</_>
        <_>
          3 14 23 3 3.</_></rects>
      <tilted>0</tilted></_>
    <_>
      <rects>
        <_>
          3 12 20 1 -1.</_>
        <_>
          13 12 10 1 2.</_></rects>
      <tilted>0</tilted></_>
    <_>
      <rects>
        <_>
          3 13 1 9 -1.</_>
        <_>
          3 16 1 3 3.</_></rects>
      <tilted>0</tilted></_>
    <_>
      <rects>
        <_>
          3 13 6 2 -1.</_>
        <_>
          3 13 3 1 2.</_>
        <_>
          6 14 3 1 2.</_></rects>
      <tilted>0</tilted></_>
    <_>
      <rects>
        <_>
          3 14 5 3 -1.</_>
        <_>
          3 15 5 1 3.</_></rects>
      <tilted>0</tilted></_>
    <_>
      <rects>
        <_>
          3 15 5 2 -1.</_>
        <_>
          3 16 5 1 2.</_></rects>
      <tilted>0</tilted></_>
    <_>
      <rects>
        <_>
          3 15 18 4 -1.</_>
        <_>
          3 17 18 2 2.</_></rects>
      <tilted>0</tilted></_>
    <_>
      <rects>
        <_>
          3 18 6 2 -1.</_>
        <_>
          3 18 3 1 2.</_>
        <_>
          6 19 3 1 2.</_></rects>
      <tilted>0</tilted></_>
    <_>
      <rects>
        <_>
          3 22 12 6 -1.</_>
        <_>
          3 22 6 3 2.</_>
        <_>
          9 25 6 3 2.</_></rects>
      <tilted>0</tilted></_>
    <_>
      <rects>
        <_>
          4 0 21 5 -1.</_>
        <_>
          11 0 7 5 3.</_></rects>
      <tilted>0</tilted></_>
    <_>
      <rects>
        <_>
          4 0 17 12 -1.</_>
        <_>
          4 4 17 4 3.</_></rects>
      <tilted>0</tilted></_>
    <_>
      <rects>
        <_>
          4 4 19 20 -1.</_>
        <_>
          4 14 19 10 2.</_></rects>
      <tilted>0</tilted></_>
    <_>
      <rects>
        <_>
          4 10 19 4 -1.</_>
        <_>
          4 12 19 2 2.</_></rects>
      <tilted>0</tilted></_>
    <_>
      <rects>
        <_>
          4 11 3 3 -1.</_>
        <_>
          4 12 3 1 3.</_></rects>
      <tilted>0</tilted></_>
    <_>
      <rects>
        <_>
          4 12 18 8 -1.</_>
        <_>
          4 12 9 4 2.</_>
        <_>
          13 16 9 4 2.</_></rects>
      <tilted>0</tilted></_>
    <_>
      <rects>
        <_>
          4 13 3 3 -1.</_>
        <_>
          4 14 3 1 3.</_></rects>
      <tilted>0</tilted></_>
    <_>
      <rects>
        <_>
          4 14 8 3 -1.</_>
        <_>
          4 15 8 1 3.</_></rects>
      <tilted>0</tilted></_>
    <_>
      <rects>
        <_>
          4 18 2 3 -1.</_>
        <_>
          4 19 2 1 3.</_></rects>
      <tilted>0</tilted></_>
    <_>
      <rects>
        <_>
          4 19 3 3 -1.</_>
        <_>
          4 20 3 1 3.</_></rects>
      <tilted>0</tilted></_>
    <_>
      <rects>
        <_>
          4 20 1 3 -1.</_>
        <_>
          4 21 1 1 3.</_></rects>
      <tilted>0</tilted></_>
    <_>
      <rects>
        <_>
          4 22 1 3 -1.</_>
        <_>
          4 23 1 1 3.</_></rects>
      <tilted>0</tilted></_>
    <_>
      <rects>
        <_>
          5 3 13 18 -1.</_>
        <_>
          5 9 13 6 3.</_></rects>
      <tilted>0</tilted></_>
    <_>
      <rects>
        <_>
          5 5 20 12 -1.</_>
        <_>
          5 9 20 4 3.</_></rects>
      <tilted>0</tilted></_>
    <_>
      <rects>
        <_>
          5 7 20 8 -1.</_>
        <_>
          5 7 10 4 2.</_>
        <_>
          15 11 10 4 2.</_></rects>
      <tilted>0</tilted></_>
    <_>
      <rects>
        <_>
          5 9 17 6 -1.</_>
        <_>
          5 12 17 3 2.</_></rects>
      <tilted>0</tilted></_>
    <_>
      <rects>
        <_>
          5 12 18 8 -1.</_>
        <_>
          5 12 9 4 2.</_>
        <_>
          14 16 9 4 2.</_></rects>
      <tilted>0</tilted></_>
    <_>
      <rects>
        <_>
          5 17 4 2 -1.</_>
        <_>
          5 18 4 1 2.</_></rects>
      <tilted>0</tilted></_>
    <_>
      <rects>
        <_>
          5 20 14 8 -1.</_>
        <_>
          5 20 7 4 2.</_>
        <_>
          12 24 7 4 2.</_></rects>
      <tilted>0</tilted></_>
    <_>
      <rects>
        <_>
          5 21 4 3 -1.</_>
        <_>
          5 22 4 1 3.</_></rects>
      <tilted>0</tilted></_>
    <_>
      <rects>
        <_>
          6 0 6 22 -1.</_>
        <_>
          6 11 6 11 2.</_></rects>
      <tilted>0</tilted></_>
    <_>
      <rects>
        <_>
          6 6 15 12 -1.</_>
        <_>
          6 10 15 4 3.</_></rects>
      <tilted>0</tilted></_>
    <_>
      <rects>
        <_>
          6 8 12 9 -1.</_>
        <_>
          6 11 12 3 3.</_></rects>
      <tilted>0</tilted></_>
    <_>
      <rects>
        <_>
          6 9 18 9 -1.</_>
        <_>
          6 12 18 3 3.</_></rects>
      <tilted>0</tilted></_>
    <_>
      <rects>
        <_>
          6 10 18 4 -1.</_>
        <_>
          6 12 18 2 2.</_></rects>
      <tilted>0</tilted></_>
    <_>
      <rects>
        <_>
          6 12 6 9 -1.</_>
        <_>
          9 12 3 9 2.</_></rects>
      <tilted>0</tilted></_>
    <_>
      <rects>
        <_>
          6 13 1 3 -1.</_>
        <_>
          6 14 1 1 3.</_></rects>
      <tilted>0</tilted></_>
    <_>
      <rects>
        <_>
          6 13 16 2 -1.</_>
        <_>
          6 13 8 1 2.</_>
        <_>
          14 14 8 1 2.</_></rects>
      <tilted>0</tilted></_>
    <_>
      <rects>
        <_>
          6 16 1 3 -1.</_>
        <_>
          6 17 1 1 3.</_></rects>
      <tilted>0</tilted></_>
    <_>
      <rects>
        <_>
          6 16 2 3 -1.</_>
        <_>
          6 17 2 1 3.</_></rects>
      <tilted>0</tilted></_>
    <_>
      <rects>
        <_>
          6 17 3 3 -1.</_>
        <_>
          6 18 3 1 3.</_></rects>
      <tilted>0</tilted></_>
    <_>
      <rects>
        <_>
          7 0 5 20 -1.</_>
        <_>
          7 10 5 10 2.</_></rects>
      <tilted>0</tilted></_>
    <_>
      <rects>
        <_>
          7 0 21 12 -1.</_>
        <_>
          7 4 21 4 3.</_></rects>
      <tilted>0</tilted></_>
    <_>
      <rects>
        <_>
          7 2 12 10 -1.</_>
        <_>
          7 2 6 5 2.</_>
        <_>
          13 7 6 5 2.</_></rects>
      <tilted>0</tilted></_>
    <_>
      <rects>
        <_>
          7 15 1 3 -1.</_>
        <_>
          7 16 1 1 3.</_></rects>
      <tilted>0</tilted></_>
    <_>
      <rects>
        <_>
          7 17 1 3 -1.</_>
        <_>
          7 18 1 1 3.</_></rects>
      <tilted>0</tilted></_>
    <_>
      <rects>
        <_>
          8 3 12 3 -1.</_>
        <_>
          12 3 4 3 3.</_></rects>
      <tilted>0</tilted></_>
    <_>
      <rects>
        <_>
          8 3 15 2 -1.</_>
        <_>
          13 3 5 2 3.</_></rects>
      <tilted>0</tilted></_>
    <_>
      <rects>
        <_>
          8 3 10 14 -1.</_>
        <_>
          8 10 10 7 2.</_></rects>
      <tilted>0</tilted></_>
    <_>
      <rects>
        <_>
          8 15 3 1 -1.</_>
        <_>
          9 15 1 1 3.</_></rects>
      <tilted>0</tilted></_>
    <_>
      <rects>
        <_>
          8 15 2 3 -1.</_>
        <_>
          8 16 2 1 3.</_></rects>
      <tilted>0</tilted></_>
    <_>
      <rects>
        <_>
          8 20 11 4 -1.</_>
        <_>
          8 22 11 2 2.</_></rects>
      <tilted>0</tilted></_>
    <_>
      <rects>
        <_>
          9 0 16 12 -1.</_>
        <_>
          9 4 16 4 3.</_></rects>
      <tilted>0</tilted></_>
    <_>
      <rects>
        <_>
          9 1 6 5 -1.</_>
        <_>
          12 1 3 5 2.</_></rects>
      <tilted>0</tilted></_>
    <_>
      <rects>
        <_>
          9 5 10 20 -1.</_>
        <_>
          9 15 10 10 2.</_></rects>
      <tilted>0</tilted></_>
    <_>
      <rects>
        <_>
          9 7 14 16 -1.</_>
        <_>
          9 15 14 8 2.</_></rects>
      <tilted>0</tilted></_>
    <_>
      <rects>
        <_>
          9 18 4 4 -1.</_>
        <_>
          9 20 4 2 2.</_></rects>
      <tilted>0</tilted></_>
    <_>
      <rects>
        <_>
          9 19 11 3 -1.</_>
        <_>
          9 20 11 1 3.</_></rects>
      <tilted>0</tilted></_>
    <_>
      <rects>
        <_>
          9 25 12 3 -1.</_>
        <_>
          9 26 12 1 3.</_></rects>
      <tilted>0</tilted></_>
    <_>
      <rects>
        <_>
          9 25 15 3 -1.</_>
        <_>
          9 26 15 1 3.</_></rects>
      <tilted>0</tilted></_>
    <_>
      <rects>
        <_>
          10 2 15 9 -1.</_>
        <_>
          10 5 15 3 3.</_></rects>
      <tilted>0</tilted></_>
    <_>
      <rects>
        <_>
          10 3 9 1 -1.</_>
        <_>
          13 3 3 1 3.</_></rects>
      <tilted>0</tilted></_>
    <_>
      <rects>
        <_>
          10 4 14 22 -1.</_>
        <_>
          10 15 14 11 2.</_></rects>
      <tilted>0</tilted></_>
    <_>
      <rects>
        <_>
          10 13 4 2 -1.</_>
        <_>
          10 14 4 1 2.</_></rects>
      <tilted>0</tilted></_>
    <_>
      <rects>
        <_>
          10 19 10 8 -1.</_>
        <_>
          10 23 10 4 2.</_></rects>
      <tilted>0</tilted></_>
    <_>
      <rects>
        <_>
          10 20 8 8 -1.</_>
        <_>
          10 24 8 4 2.</_></rects>
      <tilted>0</tilted></_>
    <_>
      <rects>
        <_>
          10 21 8 3 -1.</_>
        <_>
          10 22 8 1 3.</_></rects>
      <tilted>0</tilted></_>
    <_>
      <rects>
        <_>
          10 26 13 2 -1.</_>
        <_>
          10 27 13 1 2.</_></rects>
      <tilted>0</tilted></_>
    <_>
      <rects>
        <_>
          11 9 5 6 -1.</_>
        <_>
          11 11 5 2 3.</_></rects>
      <tilted>0</tilted></_>
    <_>
      <rects>
        <_>
          11 21 8 4 -1.</_>
        <_>
          11 23 8 2 2.</_></rects>
      <tilted>0</tilted></_>
    <_>
      <rects>
        <_>
          11 22 7 6 -1.</_>
        <_>
          11 25 7 3 2.</_></rects>
      <tilted>0</tilted></_>
    <_>
      <rects>
        <_>
          11 22 8 4 -1.</_>
        <_>
          11 24 8 2 2.</_></rects>
      <tilted>0</tilted></_>
    <_>
      <rects>
        <_>
          11 22 11 4 -1.</_>
        <_>
          11 24 11 2 2.</_></rects>
      <tilted>0</tilted></_>
    <_>
      <rects>
        <_>
          11 23 8 4 -1.</_>
        <_>
          11 25 8 2 2.</_></rects>
      <tilted>0</tilted></_>
    <_>
      <rects>
        <_>
          11 25 8 2 -1.</_>
        <_>
          11 25 4 1 2.</_>
        <_>
          15 26 4 1 2.</_></rects>
      <tilted>0</tilted></_>
    <_>
      <rects>
        <_>
          11 25 8 3 -1.</_>
        <_>
          11 26 8 1 3.</_></rects>
      <tilted>0</tilted></_>
    <_>
      <rects>
        <_>
          12 0 3 2 -1.</_>
        <_>
          12 1 3 1 2.</_></rects>
      <tilted>0</tilted></_>
    <_>
      <rects>
        <_>
          12 5 12 18 -1.</_>
        <_>
          12 14 12 9 2.</_></rects>
      <tilted>0</tilted></_>
    <_>
      <rects>
        <_>
          12 7 10 12 -1.</_>
        <_>
          12 7 5 6 2.</_>
        <_>
          17 13 5 6 2.</_></rects>
      <tilted>0</tilted></_>
    <_>
      <rects>
        <_>
          12 12 16 4 -1.</_>
        <_>
          12 14 16 2 2.</_></rects>
      <tilted>0</tilted></_>
    <_>
      <rects>
        <_>
          12 17 6 6 -1.</_>
        <_>
          12 19 6 2 3.</_></rects>
      <tilted>0</tilted></_>
    <_>
      <rects>
        <_>
          12 19 7 3 -1.</_>
        <_>
          12 20 7 1 3.</_></rects>
      <tilted>0</tilted></_>
    <_>
      <rects>
        <_>
          13 0 2 21 -1.</_>
        <_>
          13 7 2 7 3.</_></rects>
      <tilted>0</tilted></_>
    <_>
      <rects>
        <_>
          13 3 3 4 -1.</_>
        <_>
          14 3 1 4 3.</_></rects>
      <tilted>0</tilted></_>
    <_>
      <rects>
        <_>
          13 11 9 7 -1.</_>
        <_>
          16 11 3 7 3.</_></rects>
      <tilted>0</tilted></_>
    <_>
      <rects>
        <_>
          13 19 2 6 -1.</_>
        <_>
          13 21 2 2 3.</_></rects>
      <tilted>0</tilted></_>
    <_>
      <rects>
        <_>
          13 20 5 4 -1.</_>
        <_>
          13 22 5 2 2.</_></rects>
      <tilted>0</tilted></_>
    <_>
      <rects>
        <_>
          14 0 1 2 -1.</_>
        <_>
          14 1 1 1 2.</_></rects>
      <tilted>0</tilted></_>
    <_>
      <rects>
        <_>
          14 0 2 13 -1.</_>
        <_>
          15 0 1 13 2.</_></rects>
      <tilted>0</tilted></_>
    <_>
      <rects>
        <_>
          14 0 7 24 -1.</_>
        <_>
          14 12 7 12 2.</_></rects>
      <tilted>0</tilted></_>
    <_>
      <rects>
        <_>
          14 9 2 2 -1.</_>
        <_>
          15 9 1 2 2.</_></rects>
      <tilted>0</tilted></_>
    <_>
      <rects>
        <_>
          14 11 1 3 -1.</_>
        <_>
          14 12 1 1 3.</_></rects>
      <tilted>0</tilted></_>
    <_>
      <rects>
        <_>
          14 15 6 4 -1.</_>
        <_>
          14 15 3 2 2.</_>
        <_>
          17 17 3 2 2.</_></rects>
      <tilted>0</tilted></_>
    <_>
      <rects>
        <_>
          15 1 12 6 -1.</_>
        <_>
          21 1 6 6 2.</_></rects>
      <tilted>0</tilted></_>
    <_>
      <rects>
        <_>
          15 5 2 6 -1.</_>
        <_>
          15 5 1 3 2.</_>
        <_>
          16 8 1 3 2.</_></rects>
      <tilted>0</tilted></_>
    <_>
      <rects>
        <_>
          15 6 4 22 -1.</_>
        <_>
          15 17 4 11 2.</_></rects>
      <tilted>0</tilted></_>
    <_>
      <rects>
        <_>
          15 14 4 7 -1.</_>
        <_>
          17 14 2 7 2.</_></rects>
      <tilted>0</tilted></_>
    <_>
      <rects>
        <_>
          15 16 1 6 -1.</_>
        <_>
          15 19 1 3 2.</_></rects>
      <tilted>0</tilted></_>
    <_>
      <rects>
        <_>
          15 20 4 8 -1.</_>
        <_>
          15 20 2 4 2.</_>
        <_>
          17 24 2 4 2.</_></rects>
      <tilted>0</tilted></_>
    <_>
      <rects>
        <_>
          16 0 6 6 -1.</_>
        <_>
          18 0 2 6 3.</_></rects>
      <tilted>0</tilted></_>
    <_>
      <rects>
        <_>
          16 12 10 6 -1.</_>
        <_>
          16 15 10 3 2.</_></rects>
      <tilted>0</tilted></_>
    <_>
      <rects>
        <_>
          16 12 12 15 -1.</_>
        <_>
          16 17 12 5 3.</_></rects>
      <tilted>0</tilted></_>
    <_>
      <rects>
        <_>
          16 13 6 4 -1.</_>
        <_>
          19 13 3 4 2.</_></rects>
      <tilted>0</tilted></_>
    <_>
      <rects>
        <_>
          16 14 4 4 -1.</_>
        <_>
          18 14 2 4 2.</_></rects>
      <tilted>0</tilted></_>
    <_>
      <rects>
        <_>
          16 14 6 4 -1.</_>
        <_>
          19 14 3 4 2.</_></rects>
      <tilted>0</tilted></_>
    <_>
      <rects>
        <_>
          16 16 8 3 -1.</_>
        <_>
          16 17 8 1 3.</_></rects>
      <tilted>0</tilted></_>
    <_>
      <rects>
        <_>
          16 18 4 4 -1.</_>
        <_>
          18 18 2 4 2.</_></rects>
      <tilted>0</tilted></_>
    <_>
      <rects>
        <_>
          17 0 4 24 -1.</_>
        <_>
          17 12 4 12 2.</_></rects>
      <tilted>0</tilted></_>
    <_>
      <rects>
        <_>
          17 2 3 22 -1.</_>
        <_>
          17 13 3 11 2.</_></rects>
      <tilted>0</tilted></_>
    <_>
      <rects>
        <_>
          18 7 5 15 -1.</_>
        <_>
          18 12 5 5 3.</_></rects>
      <tilted>0</tilted></_>
    <_>
      <rects>
        <_>
          18 14 4 3 -1.</_>
        <_>
          18 15 4 1 3.</_></rects>
      <tilted>0</tilted></_>
    <_>
      <rects>
        <_>
          18 14 9 10 -1.</_>
        <_>
          18 19 9 5 2.</_></rects>
      <tilted>0</tilted></_>
    <_>
      <rects>
        <_>
          18 21 5 3 -1.</_>
        <_>
          18 22 5 1 3.</_></rects>
      <tilted>0</tilted></_>
    <_>
      <rects>
        <_>
          19 0 4 2 -1.</_>
        <_>
          19 1 4 1 2.</_></rects>
      <tilted>0</tilted></_>
    <_>
      <rects>
        <_>
          19 6 1 6 -1.</_>
        <_>
          19 8 1 2 3.</_></rects>
      <tilted>0</tilted></_>
    <_>
      <rects>
        <_>
          19 17 3 2 -1.</_>
        <_>
          19 18 3 1 2.</_></rects>
      <tilted>0</tilted></_>
    <_>
      <rects>
        <_>
          19 17 9 3 -1.</_>
        <_>
          19 18 9 1 3.</_></rects>
      <tilted>0</tilted></_>
    <_>
      <rects>
        <_>
          19 23 8 2 -1.</_>
        <_>
          19 23 4 1 2.</_>
        <_>
          23 24 4 1 2.</_></rects>
      <tilted>0</tilted></_>
    <_>
      <rects>
        <_>
          20 12 6 3 -1.</_>
        <_>
          20 13 6 1 3.</_></rects>
      <tilted>0</tilted></_>
    <_>
      <rects>
        <_>
          20 13 8 4 -1.</_>
        <_>
          20 13 4 2 2.</_>
        <_>
          24 15 4 2 2.</_></rects>
      <tilted>0</tilted></_>
    <_>
      <rects>
        <_>
          20 16 8 3 -1.</_>
        <_>
          20 17 8 1 3.</_></rects>
      <tilted>0</tilted></_>
    <_>
      <rects>
        <_>
          20 17 3 3 -1.</_>
        <_>
          20 18 3 1 3.</_></rects>
      <tilted>0</tilted></_>
    <_>
      <rects>
        <_>
          20 18 4 3 -1.</_>
        <_>
          20 19 4 1 3.</_></rects>
      <tilted>0</tilted></_>
    <_>
      <rects>
        <_>
          20 20 3 3 -1.</_>
        <_>
          20 21 3 1 3.</_></rects>
      <tilted>0</tilted></_>
    <_>
      <rects>
        <_>
          20 20 6 8 -1.</_>
        <_>
          23 20 3 8 2.</_></rects>
      <tilted>0</tilted></_>
    <_>
      <rects>
        <_>
          20 21 3 3 -1.</_>
        <_>
          20 22 3 1 3.</_></rects>
      <tilted>0</tilted></_>
    <_>
      <rects>
        <_>
          20 22 5 3 -1.</_>
        <_>
          20 23 5 1 3.</_></rects>
      <tilted>0</tilted></_>
    <_>
      <rects>
        <_>
          21 1 4 27 -1.</_>
        <_>
          23 1 2 27 2.</_></rects>
      <tilted>0</tilted></_>
    <_>
      <rects>
        <_>
          21 15 2 3 -1.</_>
        <_>
          21 16 2 1 3.</_></rects>
      <tilted>0</tilted></_>
    <_>
      <rects>
        <_>
          21 16 2 3 -1.</_>
        <_>
          21 17 2 1 3.</_></rects>
      <tilted>0</tilted></_>
    <_>
      <rects>
        <_>
          21 17 1 3 -1.</_>
        <_>
          21 18 1 1 3.</_></rects>
      <tilted>0</tilted></_>
    <_>
      <rects>
        <_>
          21 18 1 3 -1.</_>
        <_>
          21 19 1 1 3.</_></rects>
      <tilted>0</tilted></_>
    <_>
      <rects>
        <_>
          21 20 1 3 -1.</_>
        <_>
          21 21 1 1 3.</_></rects>
      <tilted>0</tilted></_>
    <_>
      <rects>
        <_>
          22 12 1 3 -1.</_>
        <_>
          22 13 1 1 3.</_></rects>
      <tilted>0</tilted></_>
    <_>
      <rects>
        <_>
          22 13 1 3 -1.</_>
        <_>
          22 14 1 1 3.</_></rects>
      <tilted>0</tilted></_>
    <_>
      <rects>
        <_>
          22 19 4 6 -1.</_>
        <_>
          22 21 4 2 3.</_></rects>
      <tilted>0</tilted></_>
    <_>
      <rects>
        <_>
          23 15 3 1 -1.</_>
        <_>
          24 15 1 1 3.</_></rects>
      <tilted>0</tilted></_>
    <_>
      <rects>
        <_>
          23 17 1 3 -1.</_>
        <_>
          23 18 1 1 3.</_></rects>
      <tilted>0</tilted></_>
    <_>
      <rects>
        <_>
          27 12 1 9 -1.</_>
        <_>
          27 15 1 3 3.</_></rects>
      <tilted>0</tilted></_></features></cascade>
</opencv_storage>
